<Ui xmlns="http://www.blizzard.com/wow/ui/">
	<Script file="sexyCooldown.lua"/>
	<Script file="recount.lua"/>
	<Script file="omen.lua"/>
	<Script file="skada.lua"/>
	<Script file="auctionator.lua"/>
	<Script file="bigwigs.lua"/>
	<Script file="dbm.lua"/>
	<Script file="bugSack.lua"/>
	<Script file="callToArms.lua"/>
	<Script file="postal.lua"/>
	<Script file="questPointer.lua"/>
	<Script file="clique.lua"/>
	<Script file="floAspectBar.lua"/>
	<Script file="floTotemBar.lua"/>
	<Script file="spy.lua"/>
	<Script file="atlasLoot.lua"/>
	<Script file="atlas.lua"/>
	<Script file="flightMap.lua"/>
	<Script file="weakAuras.lua"/>
	<Script file="overachiever.lua"/>
	<Script file="openGF.lua"/>
	<Script file="kHunterTimers.lua"/>
	<Script file="tellMeWhen.lua"/>
	<Script file="gearScore.lua"/>
	<Script file="allStats.lua"/>
	<Script file="blackList.lua"/>
	<Script file="gnomishVendorShrinker.lua"/>
	<Script file="aCP.lua"/>
	<Script file="everyQuest.lua"/>
	<Script file="_NPCScan.lua"/>
	<Script file="moveAnything.lua"/>
	<Script file="vanasKoS.lua"/>
	<Script file="bindPad.lua"/>
	<Script file="zygorGuidesViewer.lua"/>
	<Script file="zygorTalentAdvisor.lua"/>
	<Script file="wowLua.lua"/>
	<Script file="chatBar.lua"/>
	<Script file="skillet.lua"/>
	<Script file="totemTimers.lua"/>
	<Script file="plateBuffs.lua"/>
	<Script file="mageNuggets.lua"/>
	<Script file="inspectEquip.lua"/>
	<Script file="advancedTradeSkillWindow.lua"/>
	<Script file="atlasQuest.lua"/>
	<Script file="ackisRecipeList.lua"/>
	<Script file="lightHeaded.lua"/>
	<Script file="carbonite.lua"/>
	<Script file="enchantrix.lua"/>
	<Script file="fishingBuddy.lua"/>
	<Script file="talented.lua"/>
	<Script file="tinyPad.lua"/>
	<Script file="ZOMGBuffs.lua"/>
	<Script file="buyEmAll.lua"/>
	<Script file="doom_CooldownPulse.lua"/>
	<Script file="adiBags.lua"/>
	<Script file="pallyPower.lua"/>
	<Script file="karniCrap.lua"/>
	<Script file="tradeskillInfo.lua"/>
	<Script file="pab.lua"/>
	<Script file="epgp.lua"/>
	<Script file="epgp_lootmaster.lua"/>
	<Script file="raidRoll.lua"/>
	<Script file="raidCooldowns.lua"/>
	<Script file="eventAlert.lua"/>
	<Script file="WIM.lua"/>
	<Script file="outfitter.lua"/>
	<Script file="poisoner.lua"/>
	<Script file="trinketMenu.lua"/>
	<Script file="chocolateBar.lua"/>
	<Script file="stalker.lua"/>
	<Script file="equipCompare.lua"/>
	<Script file="superDuperMacro.lua"/>
	<Script file="CLCRet.lua"/>
	<Script file="feralbyNight.lua"/>
	<Script file="factionizer.lua"/>
	<Script file="powerAuras.lua"/>
	<Script file="quartz.lua"/>
	<Script file="tipTac.lua"/>
	<Script file="swatter.lua"/>
	<Script file="beanCounter.lua"/>
	<Script file="informant.lua"/>
	<Script file="auctioneerSuite.lua"/>
	<Script file="altoholic.lua"/>
	<Script file="loseControl.lua"/>
	<Script file="silverDragon.lua"/>
	<Script file="_NPCScanOverlay.lua"/>
	<Script file="Examiner.lua"/>
	<Script file="Mapster.lua"/>
	<Script file="ArkInventory.lua"/>
	<Script file="QuestGuru.lua"/>
	<Script file="QuestGuruTracker.lua"/>
	<Script file="SatrinaBuffFrame.lua"/>
	<Script file="LootCouncil_Lite.lua"/>
	<Script file="ElvinCDs.lua"/>
	<Script file="oRA3.lua"/>
	<Script file="RCLootCouncil.lua"/>
</Ui>